{"cameraMode":{"drawMode":0,"name":"Shaded","section":"Shading Mode"},"sceneLighting":true,"audioPlay":false,"sceneViewState":{"m_AlwaysRefresh":true,"showFog":true,"showSkybox":true,"showFlares":true,"showImageEffects":true,"showParticleSystems":true,"showVisualEffectGraphs":true,"m_FxEnabled":true},"in2DMode":false,"pivot":{"x":14.89472770690918,"y":-12.00045394897461,"z":8.573017120361329},"rotation":{"x":0.26260465383529665,"y":0.47957029938697817,"z":-0.15302486717700959,"w":0.8232340812683106},"size":13.351329803466797,"orthographic":false}