{"cameraMode":{"drawMode":0,"name":"Shaded","section":"Shading Mode"},"sceneLighting":true,"audioPlay":false,"sceneViewState":{"m_AlwaysRefresh":true,"showFog":true,"showSkybox":true,"showFlares":true,"showImageEffects":true,"showParticleSystems":true,"showVisualEffectGraphs":true,"m_FxEnabled":true},"in2DMode":false,"pivot":{"x":20.328121185302736,"y":-9.759760856628418,"z":3.8837649822235109},"rotation":{"x":0.1942107230424881,"y":0.6441760063171387,"z":-0.17402255535125733,"w":0.7191092371940613},"size":14.812959671020508,"orthographic":false}